learning_rate,weight_decay,dropout,momentum,accuracy,precision,sensitivity,specificity,MCC,AUC,Auc
0.001,0.0001,0.2,0.1,0.78313253,0.826388889,0.71686747,0.84939759,0.57130455,0.78313253,0.852010451
0.001,0.0001,0.2,0.1,0.737951807,0.791946309,0.67816092,0.803797468,0.483942799,0.740979194,0.808271497
0.001,0.0001,0.2,0.1,0.756024096,0.8359375,0.640718563,0.872727273,0.527442079,0.756722918,0.843912176
0.001,0.0001,0.2,0.1,0.743975904,0.82962963,0.643678161,0.85443038,0.506439019,0.74905427,0.829332169
0.001,0.0001,0.2,0.1,0.743975904,0.755395683,0.673076923,0.806818182,0.485488446,0.739947552,0.810606061
0.001,0.0001,0.2,0.5,0.795180723,0.835616438,0.734939759,0.855421687,0.594693478,0.795180723,0.859703876
0.001,0.0001,0.2,0.5,0.734939759,0.794520548,0.666666667,0.810126582,0.479733852,0.738396624,0.819402008
0.001,0.0001,0.2,0.5,0.78313253,0.814569536,0.736526946,0.83030303,0.569148055,0.783414988,0.834948285
0.001,0.0001,0.2,0.5,0.743975904,0.82962963,0.643678161,0.85443038,0.506439019,0.74905427,0.827076968
0.001,0.0001,0.2,0.5,0.740963855,0.765151515,0.647435897,0.823863636,0.480633104,0.735649767,0.818691725
0.001,0.0001,0.2,0.9,0.810240964,0.832258065,0.777108434,0.843373494,0.621848717,0.810240964,0.870590797
0.001,0.0001,0.2,0.9,0.737951807,0.777070064,0.701149425,0.778481013,0.479778799,0.739815219,0.826967845
0.001,0.0001,0.2,0.9,0.78313253,0.798742138,0.760479042,0.806060606,0.567033741,0.783269824,0.858936672
0.001,0.0001,0.2,0.9,0.765060241,0.82,0.706896552,0.829113924,0.537892045,0.768005238,0.84951986
0.001,0.0001,0.2,0.9,0.743975904,0.72611465,0.730769231,0.755681818,0.48628282,0.743225524,0.841528263
0.001,0.0001,0.5,0.1,0.78313253,0.845588235,0.692771084,0.873493976,0.57574525,0.78313253,0.842865438
0.001,0.0001,0.5,0.1,0.731927711,0.797202797,0.655172414,0.816455696,0.475667992,0.735814055,0.803179107
0.001,0.0001,0.5,0.1,0.753012048,0.824427481,0.646706587,0.860606061,0.518969961,0.753656324,0.813935765
0.001,0.0001,0.5,0.1,0.765060241,0.880952381,0.637931034,0.905063291,0.558829824,0.771497163,0.823803288
0.001,0.0001,0.5,0.1,0.753012048,0.753424658,0.705128205,0.795454545,0.503340195,0.750291375,0.808384324
0.001,0.0001,0.5,0.5,0.792168675,0.834482759,0.728915663,0.855421687,0.589070033,0.792168675,0.865510234
0.001,0.0001,0.5,0.5,0.728915663,0.8,0.643678161,0.82278481,0.471743266,0.733231486,0.813254765
0.001,0.0001,0.5,0.5,0.756024096,0.807142857,0.676646707,0.836363636,0.519411662,0.756505171,0.831137725
0.001,0.0001,0.5,0.5,0.777108434,0.867647059,0.67816092,0.886075949,0.573016514,0.782118434,0.856212716
0.001,0.0001,0.5,0.5,0.765060241,0.795454545,0.673076923,0.846590909,0.529959283,0.759833916,0.829363345
0.001,0.0001,0.5,0.9,0.819277108,0.858108108,0.765060241,0.873493976,0.642341669,0.819277108,0.87705037
0.001,0.0001,0.5,0.9,0.722891566,0.788732394,0.643678161,0.810126582,0.458090437,0.726902372,0.831550997
0.001,0.0001,0.5,0.9,0.768072289,0.804054054,0.71257485,0.824242424,0.539991497,0.768408637,0.848375975
0.001,0.0001,0.5,0.9,0.774096386,0.815286624,0.735632184,0.816455696,0.552258654,0.77604394,0.850247345
0.001,0.0001,0.5,0.9,0.768072289,0.776223776,0.711538462,0.818181818,0.533907857,0.76486014,0.848484848
0.001,0.0001,0.8,0.1,0.78313253,0.835714286,0.704819277,0.861445783,0.573341293,0.78313253,0.829293076
0.001,0.0001,0.8,0.1,0.731927711,0.781456954,0.67816092,0.791139241,0.470680395,0.73465008,0.782118434
0.001,0.0001,0.8,0.1,0.765060241,0.811188811,0.694610778,0.836363636,0.536135891,0.765487207,0.838649973
0.001,0.0001,0.8,0.1,0.743975904,0.932038835,0.551724138,0.955696203,0.547815967,0.75371017,0.828677433
0.001,0.0001,0.8,0.1,0.722891566,0.75,0.615384615,0.818181818,0.444584397,0.716783217,0.788935023
0.001,0.0001,0.8,0.5,0.798192771,0.866666667,0.704819277,0.891566265,0.607065004,0.798192771,0.851611264
0.001,0.0001,0.8,0.5,0.707831325,0.798449612,0.591954023,0.835443038,0.43791702,0.71369853,0.809435472
0.001,0.0001,0.8,0.5,0.762048193,0.823529412,0.670658683,0.854545455,0.533987212,0.762602069,0.814189802
0.001,0.0001,0.8,0.5,0.768072289,0.881889764,0.643678161,0.905063291,0.563887081,0.774370726,0.840389932
0.001,0.0001,0.8,0.5,0.753012048,0.813559322,0.615384615,0.875,0.511337424,0.745192308,0.818873834
0.001,0.0001,0.8,0.9,0.780120482,0.820689655,0.71686747,0.843373494,0.564778485,0.780120482,0.864022354
0.001,0.0001,0.8,0.9,0.740963855,0.793333333,0.683908046,0.803797468,0.489417518,0.743852757,0.841917649
0.001,0.0001,0.8,0.9,0.789156627,0.829931973,0.730538922,0.848484848,0.58284365,0.789511885,0.860823807
0.001,0.0001,0.8,0.9,0.771084337,0.865671642,0.666666667,0.886075949,0.562653627,0.776371308,0.845191328
0.001,0.0001,0.8,0.9,0.777108434,0.792857143,0.711538462,0.835227273,0.552592887,0.773382867,0.837339744
0.001,0.001,0.2,0.1,0.786144578,0.823129252,0.728915663,0.843373494,0.57607506,0.786144578,0.838292931
0.001,0.001,0.2,0.1,0.740963855,0.809859155,0.66091954,0.829113924,0.494661299,0.745016732,0.813400262
0.001,0.001,0.2,0.1,0.753012048,0.814814815,0.658682635,0.848484848,0.516239952,0.753583742,0.821121394
0.001,0.001,0.2,0.1,0.771084337,0.845070423,0.689655172,0.860759494,0.555612736,0.775207333,0.833915321
0.001,0.001,0.2,0.1,0.762048193,0.789473684,0.673076923,0.840909091,0.523501073,0.756993007,0.821022727
0.001,0.001,0.2,0.5,0.78313253,0.79375,0.765060241,0.801204819,0.566635316,0.78313253,0.850195965
0.001,0.001,0.2,0.5,0.731927711,0.781456954,0.67816092,0.791139241,0.470680395,0.73465008,0.81510985
0.001,0.001,0.2,0.5,0.771084337,0.837037037,0.676646707,0.866666667,0.553032438,0.771656687,0.834186173
0.001,0.001,0.2,0.5,0.746987952,0.796052632,0.695402299,0.803797468,0.500402528,0.749599884,0.83882584
0.001,0.001,0.2,0.5,0.765060241,0.774647887,0.705128205,0.818181818,0.52790614,0.761655012,0.819238054
0.001,0.001,0.2,0.9,0.804216867,0.834437086,0.759036145,0.84939759,0.61093304,0.804216867,0.882203513
0.001,0.001,0.2,0.9,0.725903614,0.754601227,0.706896552,0.746835443,0.453278811,0.726865997,0.823294049
0.001,0.001,0.2,0.9,0.777108434,0.803921569,0.736526946,0.818181818,0.556407537,0.777354382,0.856759209
0.001,0.001,0.2,0.9,0.753012048,0.798701299,0.706896552,0.803797468,0.51143869,0.75534701,0.851047577
0.001,0.001,0.2,0.9,0.753012048,0.743421053,0.724358974,0.778409091,0.503649342,0.751384033,0.851289336
0.001,0.001,0.5,0.1,0.765060241,0.789473684,0.722891566,0.807228916,0.532015917,0.765060241,0.8355712
0.001,0.001,0.5,0.1,0.734939759,0.775641026,0.695402299,0.778481013,0.474193885,0.736941656,0.808453368
0.001,0.001,0.5,0.1,0.762048193,0.778481013,0.736526946,0.787878788,0.525006248,0.762202867,0.831972419
0.001,0.001,0.5,0.1,0.75,0.876033058,0.609195402,0.905063291,0.533643098,0.757129347,0.836170522
0.001,0.001,0.5,0.1,0.734939759,0.75,0.653846154,0.806818182,0.467525964,0.730332168,0.8151588
0.001,0.001,0.5,0.5,0.795180723,0.85,0.71686747,0.873493976,0.597738795,0.795180723,0.857417622
0.001,0.001,0.5,0.5,0.740963855,0.775,0.712643678,0.772151899,0.484548888,0.742397788,0.823694166
0.001,0.001,0.5,0.5,0.768072289,0.8515625,0.652694611,0.884848485,0.552196217,0.768771548,0.832807113
0.001,0.001,0.5,0.5,0.768072289,0.854014599,0.672413793,0.873417722,0.553712318,0.772915757,0.850792958
0.001,0.001,0.5,0.5,0.75,0.787401575,0.641025641,0.846590909,0.500746912,0.743808275,0.819893648
0.001,0.001,0.5,0.9,0.804216867,0.848275862,0.740963855,0.86746988,0.613361581,0.804216867,0.863695747
0.001,0.001,0.5,0.9,0.728915663,0.783783784,0.666666667,0.797468354,0.466345443,0.732067511,0.832314855
0.001,0.001,0.5,0.9,0.780120482,0.813333333,0.730538922,0.83030303,0.563455181,0.780420976,0.858610053
0.001,0.001,0.5,0.9,0.743975904,0.820143885,0.655172414,0.841772152,0.503066107,0.748472283,0.838971337
0.001,0.001,0.5,0.9,0.756024096,0.769784173,0.685897436,0.818181818,0.509954469,0.752039627,0.845206876
0.001,0.001,0.8,0.1,0.789156627,0.828767123,0.728915663,0.84939759,0.582556877,0.789156627,0.843409784
0.001,0.001,0.8,0.1,0.728915663,0.791666667,0.655172414,0.810126582,0.468894472,0.732649498,0.807253019
0.001,0.001,0.8,0.1,0.75,0.747058824,0.760479042,0.739393939,0.500009094,0.749936491,0.811867175
0.001,0.001,0.8,0.1,0.759036145,0.861538462,0.643678161,0.886075949,0.542038509,0.764877055,0.832496726
0.001,0.001,0.8,0.1,0.756024096,0.809917355,0.628205128,0.869318182,0.515938758,0.748761655,0.800189394
0.001,0.001,0.8,0.5,0.774096386,0.876033058,0.638554217,0.909638554,0.569518032,0.774096386,0.827115692
0.001,0.001,0.8,0.5,0.734939759,0.775641026,0.695402299,0.778481013,0.474193885,0.736941656,0.812199913
0.001,0.001,0.8,0.5,0.728915663,0.818181818,0.592814371,0.866666667,0.47734666,0.729740519,0.816439848
0.001,0.001,0.8,0.5,0.768072289,0.864661654,0.66091954,0.886075949,0.557486756,0.773497745,0.830969009
0.001,0.001,0.8,0.5,0.743975904,0.79338843,0.615384615,0.857954545,0.49085945,0.73666958,0.809513403
0.001,0.001,0.8,0.9,0.798192771,0.846153846,0.728915663,0.86746988,0.602193792,0.798192771,0.868086805
0.001,0.001,0.8,0.9,0.737951807,0.795918367,0.672413793,0.810126582,0.485168162,0.741270188,0.839044086
0.001,0.001,0.8,0.9,0.78313253,0.798742138,0.760479042,0.806060606,0.567033741,0.783269824,0.847142079
0.001,0.001,0.8,0.9,0.774096386,0.836734694,0.706896552,0.848101266,0.558020188,0.777498909,0.858286047
0.001,0.001,0.8,0.9,0.765060241,0.795454545,0.673076923,0.846590909,0.529959283,0.759833916,0.838869464
0.001,0.01,0.2,0.1,0.789156627,0.815789474,0.746987952,0.831325301,0.580381,0.789156627,0.846566991
0.001,0.01,0.2,0.1,0.722891566,0.792857143,0.637931034,0.816455696,0.459530324,0.727193365,0.80536156
0.001,0.01,0.2,0.1,0.762048193,0.789473684,0.718562874,0.806060606,0.526489707,0.76231174,0.829032843
0.001,0.01,0.2,0.1,0.753012048,0.848484848,0.643678161,0.873417722,0.527682005,0.758547941,0.840135312
0.001,0.01,0.2,0.1,0.725903614,0.737226277,0.647435897,0.795454545,0.448990707,0.721445221,0.793014277
0.001,0.01,0.2,0.5,0.777108434,0.802631579,0.734939759,0.819277108,0.556198458,0.777108434,0.8536072
0.001,0.01,0.2,0.5,0.734939759,0.798611111,0.66091954,0.816455696,0.481064028,0.738687618,0.811945293
0.001,0.01,0.2,0.5,0.765060241,0.798657718,0.71257485,0.818181818,0.53355229,0.765378334,0.841262929
0.001,0.01,0.2,0.5,0.771084337,0.835616438,0.701149425,0.848101266,0.552638172,0.774625346,0.837734614
0.001,0.01,0.2,0.5,0.75,0.762589928,0.679487179,0.8125,0.497721458,0.74599359,0.827760781
0.001,0.01,0.2,0.9,0.795180723,0.818181818,0.759036145,0.831325301,0.59191005,0.795180723,0.855857164
0.001,0.01,0.2,0.9,0.737951807,0.745762712,0.75862069,0.715189873,0.474302511,0.736905282,0.822639313
0.001,0.01,0.2,0.9,0.771084337,0.782608696,0.754491018,0.787878788,0.542606158,0.771184903,0.853638178
0.001,0.01,0.2,0.9,0.719879518,0.804511278,0.614942529,0.835443038,0.459023873,0.725192783,0.822384694
0.001,0.01,0.2,0.9,0.753012048,0.772058824,0.673076923,0.823863636,0.504342524,0.74847028,0.848666958
0.001,0.01,0.5,0.1,0.759036145,0.794520548,0.698795181,0.819277108,0.521873869,0.759036145,0.843046886
0.001,0.01,0.5,0.1,0.710843373,0.763513514,0.649425287,0.778481013,0.429944185,0.71395315,0.789938891
0.001,0.01,0.5,0.1,0.759036145,0.865546218,0.616766467,0.903030303,0.541964078,0.759898385,0.84819452
0.001,0.01,0.5,0.1,0.771084337,0.840277778,0.695402299,0.85443038,0.554081366,0.774916339,0.817947039
0.001,0.01,0.5,0.1,0.737951807,0.759398496,0.647435897,0.818181818,0.474237366,0.732808858,0.820767774
0.001,0.01,0.5,0.5,0.789156627,0.847826087,0.704819277,0.873493976,0.586719908,0.789156627,0.860393381
0.001,0.01,0.5,0.5,0.728915663,0.795774648,0.649425287,0.816455696,0.470280725,0.732940492,0.804852321
0.001,0.01,0.5,0.5,0.777108434,0.844444444,0.682634731,0.872727273,0.5652966,0.777681002,0.818980221
0.001,0.01,0.5,0.5,0.731927711,0.763975155,0.706896552,0.759493671,0.466059765,0.733195111,0.829332169
0.001,0.01,0.5,0.5,0.762048193,0.769230769,0.705128205,0.8125,0.521720191,0.758814103,0.828744172
0.001,0.01,0.5,0.9,0.801204819,0.842465753,0.740963855,0.861445783,0.60683008,0.801204819,0.866272318
0.001,0.01,0.5,0.9,0.719879518,0.768211921,0.666666667,0.778481013,0.44645688,0.72257384,0.826640477
0.001,0.01,0.5,0.9,0.777108434,0.816326531,0.718562874,0.836363636,0.558587418,0.777463255,0.85646888
0.001,0.01,0.5,0.9,0.762048193,0.806451613,0.718390805,0.810126582,0.529066136,0.764258693,0.844682089
0.001,0.01,0.5,0.9,0.75,0.77037037,0.666666667,0.823863636,0.498407395,0.745265152,0.839051573
0.001,0.01,0.8,0.1,0.795180723,0.860294118,0.704819277,0.885542169,0.600245048,0.795180723,0.832196255
0.001,0.01,0.8,0.1,0.710843373,0.814516129,0.58045977,0.85443038,0.448993681,0.717445075,0.787065328
0.001,0.01,0.8,0.1,0.734939759,0.862385321,0.562874251,0.909090909,0.502509722,0.73598258,0.811177645
0.001,0.01,0.8,0.1,0.756024096,0.839416058,0.66091954,0.860759494,0.52921112,0.760839517,0.828059072
0.001,0.01,0.8,0.1,0.753012048,0.784615385,0.653846154,0.840909091,0.505896505,0.747377622,0.79592803
0.001,0.01,0.8,0.5,0.765060241,0.81884058,0.680722892,0.84939759,0.537826583,0.765060241,0.852627377
0.001,0.01,0.8,0.5,0.71686747,0.756410256,0.67816092,0.759493671,0.43794142,0.718827295,0.800523789
0.001,0.01,0.8,0.5,0.740963855,0.852173913,0.586826347,0.896969697,0.508374471,0.741898022,0.817528579
0.001,0.01,0.8,0.5,0.740963855,0.9,0.568965517,0.930379747,0.529823568,0.749672632,0.841444784
0.001,0.01,0.8,0.5,0.746987952,0.75,0.692307692,0.795454545,0.491209364,0.743881119,0.818582459
0.001,0.01,0.8,0.9,0.795180723,0.855072464,0.710843373,0.879518072,0.59894324,0.795180723,0.860756278
0.001,0.01,0.8,0.9,0.737951807,0.78807947,0.683908046,0.797468354,0.482792152,0.7406882,0.822730249
0.001,0.01,0.8,0.9,0.780120482,0.817567568,0.724550898,0.836363636,0.564231245,0.780457267,0.849972782
0.001,0.01,0.8,0.9,0.756024096,0.84962406,0.649425287,0.873417722,0.532871035,0.761421504,0.856721955
0.001,0.01,0.8,0.9,0.759036145,0.792307692,0.66025641,0.846590909,0.518260878,0.75342366,0.839124417
0.01,0.0001,0.2,0.1,0.789156627,0.772727273,0.819277108,0.759036145,0.57936546,0.789156627,0.875235883
0.01,0.0001,0.2,0.1,0.707831325,0.776978417,0.620689655,0.803797468,0.429716108,0.712243562,0.818892769
0.01,0.0001,0.2,0.1,0.768072289,0.777777778,0.754491018,0.781818182,0.536455234,0.7681546,0.848484848
0.01,0.0001,0.2,0.1,0.737951807,0.795918367,0.672413793,0.810126582,0.485168162,0.741270188,0.825840244
0.01,0.0001,0.2,0.1,0.753012048,0.768115942,0.679487179,0.818181818,0.503986394,0.748834499,0.839889277
0.01,0.0001,0.2,0.5,0.792168675,0.793939394,0.789156627,0.795180723,0.584347952,0.792168675,0.871098853
0.01,0.0001,0.2,0.5,0.734939759,0.747126437,0.747126437,0.721518987,0.468645424,0.734322712,0.819038266
0.01,0.0001,0.2,0.5,0.771084337,0.769230769,0.778443114,0.763636364,0.542158185,0.771039739,0.848303393
0.01,0.0001,0.2,0.5,0.731927711,0.74566474,0.74137931,0.721518987,0.462772068,0.731449149,0.82373054
0.01,0.0001,0.2,0.5,0.740963855,0.743055556,0.685897436,0.789772727,0.479031832,0.737835082,0.848849068
0.01,0.0001,0.2,0.9,0.792168675,0.793939394,0.789156627,0.795180723,0.584347952,0.792168675,0.855548701
0.01,0.0001,0.2,0.9,0.701807229,0.716763006,0.712643678,0.689873418,0.402407331,0.701258548,0.802378874
0.01,0.0001,0.2,0.9,0.777108434,0.785276074,0.766467066,0.787878788,0.554426342,0.777172927,0.848013065
0.01,0.0001,0.2,0.9,0.731927711,0.770700637,0.695402299,0.772151899,0.467698823,0.733777099,0.818165284
0.01,0.0001,0.2,0.9,0.734939759,0.707317073,0.743589744,0.727272727,0.470041437,0.735431235,0.824246066
0.01,0.0001,0.5,0.1,0.795180723,0.840277778,0.728915663,0.861445783,0.595615382,0.795180723,0.865945711
0.01,0.0001,0.5,0.1,0.740963855,0.778481013,0.706896552,0.778481013,0.485377564,0.742688782,0.832387604
0.01,0.0001,0.5,0.1,0.789156627,0.839160839,0.718562874,0.860606061,0.584798899,0.789584467,0.870694974
0.01,0.0001,0.5,0.1,0.768072289,0.859259259,0.666666667,0.879746835,0.555551843,0.773206751,0.839989815
0.01,0.0001,0.5,0.1,0.765060241,0.770833333,0.711538462,0.8125,0.52774196,0.762019231,0.851762821
0.01,0.0001,0.5,0.5,0.804216867,0.806060606,0.801204819,0.807228916,0.608444775,0.804216867,0.871897227
0.01,0.0001,0.5,0.5,0.719879518,0.764705882,0.672413793,0.772151899,0.445417095,0.722282846,0.831078132
0.01,0.0001,0.5,0.5,0.75,0.735955056,0.784431138,0.715151515,0.500884043,0.749791326,0.857448739
0.01,0.0001,0.5,0.5,0.756024096,0.87804878,0.620689655,0.905063291,0.543699813,0.762876473,0.845700567
0.01,0.0001,0.5,0.5,0.756024096,0.781954887,0.666666667,0.835227273,0.511185146,0.75094697,0.852454837
0.01,0.0001,0.5,0.9,0.78313253,0.773255814,0.801204819,0.765060241,0.566635316,0.78313253,0.869320656
0.01,0.0001,0.5,0.9,0.725903614,0.748502994,0.718390805,0.734177215,0.452050362,0.72628401,0.811508803
0.01,0.0001,0.5,0.9,0.768072289,0.764705882,0.778443114,0.757575758,0.536164826,0.768009436,0.846942479
0.01,0.0001,0.5,0.9,0.734939759,0.790540541,0.672413793,0.803797468,0.478479196,0.738105631,0.830969009
0.01,0.0001,0.5,0.9,0.731927711,0.710691824,0.724358974,0.738636364,0.462565925,0.731497669,0.842748397
0.01,0.0001,0.8,0.1,0.801204819,0.857142857,0.722891566,0.879518072,0.609937546,0.801204819,0.878937436
0.01,0.0001,0.8,0.1,0.728915663,0.776315789,0.67816092,0.784810127,0.464086518,0.731485523,0.839844318
0.01,0.0001,0.8,0.1,0.774096386,0.848484848,0.670658683,0.878787879,0.561337045,0.774723281,0.851714752
0.01,0.0001,0.8,0.1,0.753012048,0.819444444,0.67816092,0.835443038,0.517572697,0.756801979,0.846900917
0.01,0.0001,0.8,0.1,0.746987952,0.760869565,0.673076923,0.8125,0.491740823,0.742788462,0.833479021
0.01,0.0001,0.8,0.5,0.813253012,0.833333333,0.78313253,0.843373494,0.627645914,0.813253012,0.882348672
0.01,0.0001,0.8,0.5,0.728915663,0.787671233,0.66091954,0.803797468,0.467583132,0.732358504,0.831478248
0.01,0.0001,0.8,0.5,0.774096386,0.798701299,0.736526946,0.812121212,0.550077361,0.774324079,0.857956814
0.01,0.0001,0.8,0.5,0.756024096,0.825174825,0.67816092,0.841772152,0.524386726,0.759966536,0.851993307
0.01,0.0001,0.8,0.5,0.75,0.738562092,0.724358974,0.772727273,0.497712044,0.748543124,0.851216492
0.01,0.0001,0.8,0.9,0.792168675,0.797546012,0.78313253,0.801204819,0.584432797,0.792168675,0.876288286
0.01,0.0001,0.8,0.9,0.719879518,0.754716981,0.689655172,0.753164557,0.442698975,0.721409865,0.816819438
0.01,0.0001,0.8,0.9,0.786144578,0.807692308,0.754491018,0.818181818,0.57370437,0.786336418,0.854345854
0.01,0.0001,0.8,0.9,0.746987952,0.78125,0.718390805,0.778481013,0.496618984,0.748435909,0.838061982
0.01,0.0001,0.8,0.9,0.737951807,0.737931034,0.685897436,0.784090909,0.472934413,0.734994172,0.847155449
0.01,0.001,0.2,0.1,0.771084337,0.761627907,0.789156627,0.753012048,0.542523175,0.771084337,0.871352881
0.01,0.001,0.2,0.1,0.737951807,0.75739645,0.735632184,0.740506329,0.475662949,0.738069257,0.828641059
0.01,0.001,0.2,0.1,0.780120482,0.826388889,0.71257485,0.848484848,0.566042592,0.780529849,0.854654328
0.01,0.001,0.2,0.1,0.756024096,0.785276074,0.735632184,0.778481013,0.513599704,0.757056598,0.845045832
0.01,0.001,0.2,0.1,0.71686747,0.664893617,0.801282051,0.642045455,0.446460601,0.721663753,0.835045163
0.01,0.001,0.2,0.5,0.78313253,0.770114943,0.807228916,0.759036145,0.566923795,0.78313253,0.85915953
0.01,0.001,0.2,0.5,0.725903614,0.867256637,0.563218391,0.905063291,0.493570345,0.734140841,0.816892187
0.01,0.001,0.2,0.5,0.780120482,0.770114943,0.80239521,0.757575758,0.560612208,0.779985484,0.849283252
0.01,0.001,0.2,0.5,0.743975904,0.787096774,0.701149425,0.791139241,0.492799799,0.746144333,0.840353557
0.01,0.001,0.2,0.5,0.746987952,0.714285714,0.769230769,0.727272727,0.495637753,0.748251748,0.843859266
0.01,0.001,0.2,0.9,0.786144578,0.781065089,0.795180723,0.777108434,0.572382637,0.786144578,0.856728117
0.01,0.001,0.2,0.9,0.734939759,0.738888889,0.764367816,0.702531646,0.468024399,0.733449731,0.81467336
0.01,0.001,0.2,0.9,0.777108434,0.785276074,0.766467066,0.787878788,0.554426342,0.777172927,0.837289058
0.01,0.001,0.2,0.9,0.740963855,0.782051282,0.701149425,0.784810127,0.48627804,0.742979776,0.826785974
0.01,0.001,0.2,0.9,0.719879518,0.690909091,0.730769231,0.710227273,0.440203581,0.720498252,0.828598485
0.01,0.001,0.5,0.1,0.801204819,0.8125,0.78313253,0.819277108,0.602803528,0.801204819,0.871389171
0.01,0.001,0.5,0.1,0.728915663,0.78,0.672413793,0.791139241,0.465180254,0.731776517,0.839807944
0.01,0.001,0.5,0.1,0.780120482,0.79375,0.760479042,0.8,0.560835338,0.780239521,0.857448739
0.01,0.001,0.5,0.1,0.753012048,0.802631579,0.701149425,0.810126582,0.512507865,0.755638004,0.8418449
0.01,0.001,0.5,0.1,0.743975904,0.775193798,0.641025641,0.835227273,0.487655812,0.738126457,0.843822844
0.01,0.001,0.5,0.5,0.801204819,0.828947368,0.759036145,0.843373494,0.604563542,0.801204819,0.873385107
0.01,0.001,0.5,0.5,0.725903614,0.76433121,0.689655172,0.765822785,0.455618848,0.727738979,0.822930307
0.01,0.001,0.5,0.5,0.789156627,0.777142857,0.814371257,0.763636364,0.578848513,0.789003811,0.860497187
0.01,0.001,0.5,0.5,0.753012048,0.815068493,0.683908046,0.829113924,0.516186012,0.756510985,0.833624327
0.01,0.001,0.5,0.5,0.719879518,0.659898477,0.833333333,0.619318182,0.459920337,0.726325758,0.835118007
0.01,0.001,0.5,0.9,0.768072289,0.757225434,0.789156627,0.746987952,0.5366219,0.768072289,0.857871244
0.01,0.001,0.5,0.9,0.734939759,0.759036145,0.724137931,0.746835443,0.470426128,0.735486687,0.809944711
0.01,0.001,0.5,0.9,0.762048193,0.775,0.74251497,0.781818182,0.52466647,0.762166576,0.842406097
0.01,0.001,0.5,0.9,0.725903614,0.767741935,0.683908046,0.772151899,0.456533463,0.728029972,0.824130656
0.01,0.001,0.5,0.9,0.740963855,0.721518987,0.730769231,0.75,0.480454351,0.740384615,0.831275495
0.01,0.001,0.8,0.1,0.798192771,0.832214765,0.746987952,0.84939759,0.599537725,0.798192771,0.869320656
0.01,0.001,0.8,0.1,0.740963855,0.814285714,0.655172414,0.835443038,0.496169149,0.745307726,0.840389932
0.01,0.001,0.8,0.1,0.792168675,0.845070423,0.718562874,0.866666667,0.591432894,0.79261477,0.857811649
0.01,0.001,0.8,0.1,0.746987952,0.804054054,0.683908046,0.816455696,0.502746702,0.750181871,0.850756584
0.01,0.001,0.8,0.1,0.756024096,0.773722628,0.679487179,0.823863636,0.510283847,0.751675408,0.840107809
0.01,0.001,0.8,0.5,0.789156627,0.838028169,0.71686747,0.861445783,0.584453899,0.789156627,0.87298592
0.01,0.001,0.8,0.5,0.743975904,0.76969697,0.729885057,0.759493671,0.488818966,0.744689364,0.835552161
0.01,0.001,0.8,0.5,0.774096386,0.828571429,0.694610778,0.854545455,0.556008579,0.774578116,0.850408274
0.01,0.001,0.8,0.5,0.759036145,0.826388889,0.683908046,0.841772152,0.529742253,0.762840099,0.852029681
0.01,0.001,0.8,0.5,0.746987952,0.746575342,0.698717949,0.789772727,0.491181512,0.744245338,0.840362762
0.01,0.001,0.8,0.9,0.813253012,0.829113924,0.789156627,0.837349398,0.627234838,0.813253012,0.873530266
0.01,0.001,0.8,0.9,0.728915663,0.776315789,0.67816092,0.784810127,0.464086518,0.731485523,0.830532519
0.01,0.001,0.8,0.9,0.792168675,0.795180723,0.790419162,0.793939394,0.584347952,0.792179278,0.854690619
0.01,0.001,0.8,0.9,0.756024096,0.775147929,0.752873563,0.759493671,0.511855485,0.756183617,0.854794122
0.01,0.001,0.8,0.9,0.753012048,0.74025974,0.730769231,0.772727273,0.503900432,0.751748252,0.846918706
0.01,0.01,0.2,0.1,0.813253012,0.866197183,0.740963855,0.885542169,0.633158391,0.813253012,0.871389171
0.01,0.01,0.2,0.1,0.725903614,0.782312925,0.66091954,0.797468354,0.460884153,0.729193947,0.825003637
0.01,0.01,0.2,0.1,0.774096386,0.806666667,0.724550898,0.824242424,0.551350411,0.774396661,0.847250953
0.01,0.01,0.2,0.1,0.746987952,0.75862069,0.75862069,0.734177215,0.492797905,0.746398952,0.851374945
0.01,0.01,0.2,0.1,0.75,0.766423358,0.673076923,0.818181818,0.498025219,0.745629371,0.838942308
0.01,0.01,0.2,0.5,0.762048193,0.732620321,0.825301205,0.698795181,0.528341163,0.762048193,0.872078676
0.01,0.01,0.2,0.5,0.737951807,0.78807947,0.683908046,0.797468354,0.482792152,0.7406882,0.821766332
0.01,0.01,0.2,0.5,0.765060241,0.760233918,0.778443114,0.751515152,0.530189209,0.764979133,0.850626021
0.01,0.01,0.2,0.5,0.746987952,0.777777778,0.724137931,0.772151899,0.495857145,0.748144915,0.843590863
0.01,0.01,0.2,0.5,0.753012048,0.717647059,0.782051282,0.727272727,0.508546669,0.754662005,0.838650932
0.01,0.01,0.2,0.9,0.765060241,0.768292683,0.759036145,0.771084337,0.530158962,0.765060241,0.847619393
0.01,0.01,0.2,0.9,0.719879518,0.754716981,0.689655172,0.753164557,0.442698975,0.721409865,0.812127164
0.01,0.01,0.2,0.9,0.762048193,0.771604938,0.748502994,0.775757576,0.524403323,0.762130285,0.838141898
0.01,0.01,0.2,0.9,0.722891566,0.777027027,0.66091954,0.791139241,0.45421169,0.72602939,0.804306707
0.01,0.01,0.2,0.9,0.728915663,0.714285714,0.705128205,0.75,0.45549333,0.727564103,0.818764569
0.01,0.01,0.5,0.1,0.810240964,0.855172414,0.746987952,0.873493976,0.625507354,0.810240964,0.865183626
0.01,0.01,0.5,0.1,0.725903614,0.767741935,0.683908046,0.772151899,0.456533463,0.728029972,0.825076386
0.01,0.01,0.5,0.1,0.801204819,0.848275862,0.736526946,0.866666667,0.608067984,0.801596806,0.868807839
0.01,0.01,0.5,0.1,0.740963855,0.823529412,0.643678161,0.848101266,0.499431619,0.745889713,0.839735196
0.01,0.01,0.5,0.1,0.759036145,0.792307692,0.66025641,0.846590909,0.518260878,0.75342366,0.845352564
0.01,0.01,0.5,0.5,0.807228916,0.826923077,0.777108434,0.837349398,0.615575801,0.807228916,0.876578604
0.01,0.01,0.5,0.5,0.734939759,0.759036145,0.724137931,0.746835443,0.470426128,0.735486687,0.824894515
0.01,0.01,0.5,0.5,0.78313253,0.818791946,0.730538922,0.836363636,0.569888569,0.783451279,0.851134095
0.01,0.01,0.5,0.5,0.731927711,0.75147929,0.729885057,0.734177215,0.463598771,0.732031136,0.837516368
0.01,0.01,0.5,0.5,0.759036145,0.760273973,0.711538462,0.801136364,0.515498879,0.756337413,0.848157051
0.01,0.01,0.5,0.9,0.762048193,0.737704918,0.813253012,0.710843373,0.526866485,0.762048193,0.863732037
0.01,0.01,0.5,0.9,0.731927711,0.727272727,0.781609195,0.67721519,0.462003063,0.729412193,0.818165284
0.01,0.01,0.5,0.9,0.780120482,0.801282051,0.748502994,0.812121212,0.561634037,0.780312103,0.845037198
0.01,0.01,0.5,0.9,0.710843373,0.774647887,0.632183908,0.797468354,0.433709862,0.714826131,0.815000727
0.01,0.01,0.5,0.9,0.719879518,0.672131148,0.788461538,0.659090909,0.449100864,0.723776224,0.834171037
0.01,0.01,0.8,0.1,0.78313253,0.84057971,0.698795181,0.86746988,0.574496577,0.78313253,0.872296415
0.01,0.01,0.8,0.1,0.731927711,0.757575758,0.718390805,0.746835443,0.464694111,0.732613124,0.837807362
0.01,0.01,0.8,0.1,0.768072289,0.830882353,0.676646707,0.860606061,0.546237333,0.768626384,0.857448739
0.01,0.01,0.8,0.1,0.753012048,0.815068493,0.683908046,0.829113924,0.516186012,0.756510985,0.850283719
0.01,0.01,0.8,0.1,0.774096386,0.824,0.66025641,0.875,0.551366443,0.767628205,0.84546183
0.01,0.01,0.8,0.5,0.81626506,0.867132867,0.746987952,0.885542169,0.638690385,0.81626506,0.879554362
0.01,0.01,0.8,0.5,0.731927711,0.763975155,0.706896552,0.759493671,0.466059765,0.733195111,0.836570639
0.01,0.01,0.8,0.5,0.78313253,0.832167832,0.71257485,0.854545455,0.572633147,0.783560152,0.858101978
0.01,0.01,0.8,0.5,0.759036145,0.79375,0.729885057,0.791139241,0.520759175,0.760512149,0.852866288
0.01,0.01,0.8,0.5,0.759036145,0.78358209,0.673076923,0.835227273,0.517079516,0.754152098,0.850342366
0.01,0.01,0.8,0.9,0.774096386,0.797385621,0.734939759,0.813253012,0.549881567,0.774096386,0.85912324
0.01,0.01,0.8,0.9,0.734939759,0.755952381,0.729885057,0.740506329,0.469878922,0.735195693,0.827622581
0.01,0.01,0.8,0.9,0.78313253,0.768361582,0.814371257,0.751515152,0.567122645,0.782943205,0.854509163
0.01,0.01,0.8,0.9,0.725903614,0.767741935,0.683908046,0.772151899,0.456533463,0.728029972,0.835079296
0.01,0.01,0.8,0.9,0.740963855,0.71875,0.737179487,0.744318182,0.480937462,0.740748834,0.844041375
0.1,0.0001,0.2,0.1,0.786144578,0.823129252,0.728915663,0.843373494,0.57607506,0.786144578,0.862117143
0.1,0.0001,0.2,0.1,0.719879518,0.721311475,0.75862069,0.67721519,0.437630386,0.71791794,0.808744362
0.1,0.0001,0.2,0.1,0.756024096,0.76875,0.736526946,0.775757576,0.512610181,0.756142261,0.844474687
0.1,0.0001,0.2,0.1,0.75,0.827338129,0.66091954,0.848101266,0.515291107,0.754510403,0.830932635
0.1,0.0001,0.2,0.1,0.722891566,0.692771084,0.737179487,0.710227273,0.446594208,0.72370338,0.824446387
0.1,0.0001,0.2,0.5,0.813253012,0.833333333,0.78313253,0.843373494,0.627645914,0.813253012,0.878048338
0.1,0.0001,0.2,0.5,0.698795181,0.728395062,0.67816092,0.721518987,0.39933145,0.699839953,0.793703623
0.1,0.0001,0.2,0.5,0.768072289,0.78125,0.748502994,0.787878788,0.536722759,0.768190891,0.84060969
0.1,0.0001,0.2,0.5,0.728915663,0.911764706,0.534482759,0.943037975,0.516929595,0.738760367,0.820675105
0.1,0.0001,0.2,0.5,0.737951807,0.728476821,0.705128205,0.767045455,0.473252185,0.73608683,0.837667541
0.1,0.0001,0.2,0.9,0.5,na,0,1,na,0.5,0.5
0.1,0.0001,0.2,0.9,0.524096386,0.524096386,1,0,na,0.5,0.5
0.1,0.0001,0.2,0.9,0.771084337,0.827338129,0.688622754,0.854545455,0.550488811,0.771584105,0.782126656
0.1,0.0001,0.2,0.9,0.524096386,0.524096386,1,0,na,0.5,0.5
0.1,0.0001,0.2,0.9,0.469879518,0.469879518,1,0,na,0.5,0.5
0.1,0.0001,0.5,0.1,0.801204819,0.816455696,0.777108434,0.825301205,0.603110421,0.801204819,0.875508056
0.1,0.0001,0.5,0.1,0.725903614,0.77852349,0.666666667,0.791139241,0.459690873,0.728902954,0.819547505
0.1,0.0001,0.5,0.1,0.780120482,0.79375,0.760479042,0.8,0.560835338,0.780239521,0.854472872
0.1,0.0001,0.5,0.1,0.737951807,0.75739645,0.735632184,0.740506329,0.475662949,0.738069257,0.832678597
0.1,0.0001,0.5,0.1,0.728915663,0.703703704,0.730769231,0.727272727,0.457342886,0.729020979,0.83823208
0.1,0.0001,0.5,0.5,0.807228916,0.854166667,0.740963855,0.873493976,0.619926214,0.807228916,0.871679489
0.1,0.0001,0.5,0.5,0.740963855,0.778481013,0.706896552,0.778481013,0.485377564,0.742688782,0.82769533
0.1,0.0001,0.5,0.5,0.768072289,0.784810127,0.74251497,0.793939394,0.537068675,0.768227182,0.854327708
0.1,0.0001,0.5,0.5,0.746987952,0.78125,0.718390805,0.778481013,0.496618984,0.748435909,0.836206897
0.1,0.0001,0.5,0.5,0.756024096,0.769784173,0.685897436,0.818181818,0.509954469,0.752039627,0.840599505
0.1,0.0001,0.5,0.9,0.743975904,0.721311475,0.795180723,0.692771084,0.490530866,0.743975904,0.838347365
0.1,0.0001,0.5,0.9,0.707831325,0.730538922,0.701149425,0.715189873,0.415863081,0.708169649,0.805397934
0.1,0.0001,0.5,0.9,0.734939759,0.730994152,0.748502994,0.721212121,0.469919806,0.734857558,0.823716204
0.1,0.0001,0.5,0.9,0.692771084,0.746575342,0.626436782,0.765822785,0.394678811,0.696129783,0.787210825
0.1,0.0001,0.5,0.9,0.469879518,0.469879518,1,0,na,0.5,0.5
0.1,0.0001,0.8,0.1,0.807228916,0.875,0.71686747,0.897590361,0.624744846,0.807228916,0.876977791
0.1,0.0001,0.8,0.1,0.743975904,0.760233918,0.747126437,0.740506329,0.487287257,0.743816383,0.837025316
0.1,0.0001,0.8,0.1,0.804216867,0.831168831,0.766467066,0.842424242,0.610477442,0.804445654,0.870023589
0.1,0.0001,0.8,0.1,0.734939759,0.802816901,0.655172414,0.82278481,0.482471012,0.738978612,0.843590863
0.1,0.0001,0.8,0.1,0.734939759,0.742857143,0.666666667,0.795454545,0.467046266,0.731060606,0.842129225
0.1,0.0001,0.8,0.5,0.801204819,0.847222222,0.734939759,0.86746988,0.607770798,0.801204819,0.873748004
0.1,0.0001,0.8,0.5,0.734939759,0.76875,0.706896552,0.765822785,0.472478793,0.736359668,0.833387895
0.1,0.0001,0.8,0.5,0.777108434,0.803921569,0.736526946,0.818181818,0.556407537,0.777354382,0.862602069
0.1,0.0001,0.8,0.5,0.475903614,na,0,1,na,0.5,0.620544158
0.1,0.0001,0.8,0.5,0.759036145,0.78358209,0.673076923,0.835227273,0.517079516,0.754152098,0.837940705
0.1,0.0001,0.8,0.9,0.5,0.5,1,0,na,0.5,0.5
0.1,0.0001,0.8,0.9,0.524096386,0.524096386,1,0,na,0.5,0.5
0.1,0.0001,0.8,0.9,0.496987952,na,0,1,na,0.5,0.5
0.1,0.0001,0.8,0.9,0.475903614,na,0,1,na,0.5,0.5
0.1,0.0001,0.8,0.9,0.530120482,na,0,1,na,0.5,0.5
0.1,0.001,0.2,0.1,0.792168675,0.821192053,0.746987952,0.837349398,0.586737672,0.792168675,0.871752069
0.1,0.001,0.2,0.1,0.737951807,0.75739645,0.735632184,0.740506329,0.475662949,0.738069257,0.823403172
0.1,0.001,0.2,0.1,0.762048193,0.778481013,0.736526946,0.787878788,0.525006248,0.762202867,0.858610053
0.1,0.001,0.2,0.1,0.746987952,0.792207792,0.701149425,0.797468354,0.49934484,0.74930889,0.836607013
0.1,0.001,0.2,0.1,0.759036145,0.771428571,0.692307692,0.818181818,0.51593005,0.755244755,0.839962121
0.1,0.001,0.2,0.5,0.5,0.5,1,0,na,0.5,0.81071273
0.1,0.001,0.2,0.5,0.71686747,0.73255814,0.724137931,0.708860759,0.432778359,0.716499345,0.807052961
0.1,0.001,0.2,0.5,0.746987952,0.739884393,0.766467066,0.727272727,0.494170396,0.746869897,0.834331337
0.1,0.001,0.2,0.5,0.731927711,0.760736196,0.712643678,0.753164557,0.465342989,0.732904118,0.814655172
0.1,0.001,0.2,0.5,0.731927711,0.700598802,0.75,0.715909091,0.465071375,0.732954545,0.831512238
0.1,0.001,0.2,0.9,0.5,0.5,1,0,na,0.5,0.5
0.1,0.001,0.2,0.9,0.524096386,0.524096386,1,0,na,0.5,0.5
0.1,0.001,0.2,0.9,0.503012048,0.503030303,0.994011976,0.006060606,0.000468984,0.500036291,0.500036291
0.1,0.001,0.2,0.9,0.475903614,na,0,1,na,0.5,0.5
0.1,0.001,0.2,0.9,0.469879518,0.469879518,1,0,na,0.5,0.5
0.1,0.001,0.5,0.1,0.795180723,0.818181818,0.759036145,0.831325301,0.59191005,0.795180723,0.877939469
0.1,0.001,0.5,0.1,0.737951807,0.78807947,0.683908046,0.797468354,0.482792152,0.7406882,0.82291212
0.1,0.001,0.5,0.1,0.792168675,0.835616438,0.730538922,0.854545455,0.589366992,0.792542188,0.861005262
0.1,0.001,0.5,0.1,0.743975904,0.811188811,0.666666667,0.829113924,0.500027359,0.747890295,0.829295795
0.1,0.001,0.5,0.1,0.759036145,0.740506329,0.75,0.767045455,0.516706815,0.758522727,0.843057984
0.1,0.001,0.5,0.5,0.81626506,0.838709677,0.78313253,0.84939759,0.633923449,0.81626506,0.876197561
0.1,0.001,0.5,0.5,0.734939759,0.779220779,0.689655172,0.784810127,0.475157141,0.737232649,0.813218391
0.1,0.001,0.5,0.5,0.756024096,0.741573034,0.790419162,0.721212121,0.512964059,0.755815641,0.851442569
0.1,0.001,0.5,0.5,0.737951807,0.795918367,0.672413793,0.810126582,0.485168162,0.741270188,0.824858141
0.1,0.001,0.5,0.5,0.746987952,0.743243243,0.705128205,0.784090909,0.491227058,0.744609557,0.837867861
0.1,0.001,0.5,0.9,0.5,0.5,1,0,na,0.5,0.809497024
0.1,0.001,0.5,0.9,0.695783133,0.658008658,0.873563218,0.5,0.405509095,0.686781609,0.792612396
0.1,0.001,0.5,0.9,0.53313253,0.8,0.095808383,0.975757576,0.150388424,0.535782979,0.535873707
0.1,0.001,0.5,0.9,0.475903614,na,0,1,na,0.5,0.5
0.1,0.001,0.5,0.9,0.734939759,0.778688525,0.608974359,0.846590909,0.471606386,0.727782634,0.817981498
0.1,0.001,0.8,0.1,0.81626506,0.872340426,0.740963855,0.891566265,0.639827731,0.81626506,0.878538249
0.1,0.001,0.8,0.1,0.722891566,0.759493671,0.689655172,0.759493671,0.449148843,0.724574422,0.827349774
0.1,0.001,0.8,0.1,0.798192771,0.842465753,0.736526946,0.860606061,0.601503814,0.798566503,0.857122119
0.1,0.001,0.8,0.1,0.734939759,0.782894737,0.683908046,0.791139241,0.476191855,0.737523643,0.838716718
0.1,0.001,0.8,0.1,0.722891566,0.702531646,0.711538462,0.732954545,0.444201886,0.722246503,0.844951923
0.1,0.001,0.8,0.5,0.780120482,0.84962406,0.680722892,0.879518072,0.571650503,0.780120482,0.869574684
0.1,0.001,0.8,0.5,0.737951807,0.784313725,0.689655172,0.791139241,0.481715199,0.740397206,0.830623454
0.1,0.001,0.8,0.5,0.768072289,0.796052632,0.724550898,0.812121212,0.538581198,0.768336055,0.862602069
0.1,0.001,0.8,0.5,0.737951807,0.884955752,0.574712644,0.917721519,0.519027134,0.746217081,0.83977157
0.1,0.001,0.8,0.5,0.762048193,0.789473684,0.673076923,0.840909091,0.523501073,0.756993007,0.839415793
0.1,0.001,0.8,0.9,0.5,0.5,1,0,na,0.5,0.5
0.1,0.001,0.8,0.9,0.743975904,0.850393701,0.620689655,0.879746835,0.514248871,0.750218245,0.789902517
0.1,0.001,0.8,0.9,0.75,0.791666667,0.682634731,0.818181818,0.50526441,0.750408274,0.840645981
0.1,0.001,0.8,0.9,0.524096386,0.524096386,1,0,na,0.5,0.5
0.1,0.001,0.8,0.9,0.469879518,0.469879518,1,0,na,0.5,0.5
0.1,0.01,0.2,0.1,0.765060241,0.84375,0.65060241,0.879518072,0.544581149,0.765060241,0.855966033
0.1,0.01,0.2,0.1,0.671686747,0.922077922,0.408045977,0.962025316,0.437898152,0.685035647,0.83071439
0.1,0.01,0.2,0.1,0.765060241,0.773006135,0.754491018,0.775757576,0.530325584,0.765124297,0.836762838
0.1,0.01,0.2,0.1,0.734939759,0.728723404,0.787356322,0.67721519,0.468161366,0.732285756,0.836679761
0.1,0.01,0.2,0.1,0.765060241,0.8,0.666666667,0.852272727,0.53062525,0.759469697,0.862070221
0.1,0.01,0.2,0.5,0.710843373,0.972972973,0.43373494,0.987951807,0.506608331,0.710843373,0.855966033
0.1,0.01,0.2,0.5,0.689759036,0.729032258,0.649425287,0.734177215,0.384000789,0.691801251,0.794085552
0.1,0.01,0.2,0.5,0.728915663,0.773049645,0.652694611,0.806060606,0.464039536,0.729377608,0.822246416
0.1,0.01,0.2,0.5,0.527108434,0.525679758,1,0.006329114,0.057680907,0.503164557,0.833224211
0.1,0.01,0.2,0.5,0.725903614,0.724137931,0.673076923,0.772727273,0.448598669,0.722902098,0.819893648
0.1,0.01,0.2,0.9,0.5,na,0,1,na,0.5,0.5
0.1,0.01,0.2,0.9,0.475903614,na,0,1,na,0.5,0.5
0.1,0.01,0.2,0.9,0.503012048,0.503012048,1,0,na,0.5,0.5
0.1,0.01,0.2,0.9,0.524096386,0.524096386,1,0,na,0.5,0.5
0.1,0.01,0.2,0.9,0.469879518,0.469879518,1,0,na,0.5,0.5
0.1,0.01,0.5,0.1,0.542168675,0.522012579,1,0.084337349,0.209821727,0.542168675,0.872006097
0.1,0.01,0.5,0.1,0.71686747,0.934782609,0.494252874,0.962025316,0.509135457,0.728139095,0.821002473
0.1,0.01,0.5,0.1,0.777108434,0.872,0.652694611,0.903030303,0.573482138,0.777862457,0.863073852
0.1,0.01,0.5,0.1,0.746987952,0.706422018,0.885057471,0.594936709,0.504845474,0.73999709,0.84839226
0.1,0.01,0.5,0.1,0.756024096,0.748344371,0.724358974,0.784090909,0.50961127,0.754224942,0.837339744
0.1,0.01,0.5,0.5,0.722891566,0.672897196,0.86746988,0.578313253,0.465675972,0.722891566,0.855712005
0.1,0.01,0.5,0.5,0.731927711,0.84,0.603448276,0.873417722,0.491540543,0.738432999,0.828641059
0.1,0.01,0.5,0.5,0.753012048,0.757575758,0.748502994,0.757575758,0.506078752,0.753039376,0.844311377
0.1,0.01,0.5,0.5,0.545180723,0.96,0.137931034,0.993670886,0.249072743,0.56580096,0.817510549
0.1,0.01,0.5,0.5,0.743975904,0.72327044,0.737179487,0.75,0.486727644,0.743589744,0.826085373
0.1,0.01,0.5,0.9,0.5,0.5,1,0,na,0.5,0.533604297
0.1,0.01,0.5,0.9,0.698795181,0.662280702,0.867816092,0.512658228,0.40967968,0.69023716,0.809399098
0.1,0.01,0.5,0.9,0.503012048,0.503012048,1,0,na,0.5,0.485175104
0.1,0.01,0.5,0.9,0.475903614,na,0,1,na,0.5,0.5
0.1,0.01,0.5,0.9,0.728915663,0.717105263,0.698717949,0.755681818,0.455196261,0.727199883,0.820294289
0.1,0.01,0.8,0.1,0.512048193,0.506097561,1,0.024096386,0.110431526,0.512048193,0.853117288
0.1,0.01,0.8,0.1,0.734939759,0.890909091,0.563218391,0.924050633,0.517010236,0.743634512,0.840317183
0.1,0.01,0.8,0.1,0.780120482,0.826388889,0.71257485,0.848484848,0.566042592,0.780529849,0.855815641
0.1,0.01,0.8,0.1,0.719879518,0.686635945,0.856321839,0.569620253,0.447069395,0.712971046,0.844100102
0.1,0.01,0.8,0.1,0.719879518,0.655172414,0.852564103,0.602272727,0.465726964,0.727418415,0.845243298
0.1,0.01,0.8,0.5,0.638554217,0.581560284,0.987951807,0.289156627,0.387389884,0.638554217,0.890550152
0.1,0.01,0.8,0.5,0.662650602,0.613970588,0.959770115,0.335443038,0.38315879,0.647606576,0.839662447
0.1,0.01,0.8,0.5,0.536144578,0.520634921,0.982035928,0.084848485,0.151720893,0.533442206,0.796171294
0.1,0.01,0.8,0.5,0.662650602,0.907894737,0.396551724,0.955696203,0.418721089,0.676123963,0.797322858
0.1,0.01,0.8,0.5,0.530120482,na,0,1,na,0.5,0.601689977
0.1,0.01,0.8,0.9,0.701807229,0.924050633,0.439759036,0.963855422,0.473915591,0.701807229,0.804180578
0.1,0.01,0.8,0.9,0.572289157,0.775862069,0.25862069,0.917721519,0.231937069,0.588171104,0.620980649
0.1,0.01,0.8,0.9,0.656626506,0.907692308,0.353293413,0.963636364,0.399347476,0.658464888,0.733932136
0.1,0.01,0.8,0.9,0.475903614,na,0,1,na,0.5,0.754564964
0.1,0.01,0.8,0.9,0.644578313,0.584070796,0.846153846,0.465909091,0.334082458,0.656031469,0.825211247
